sitename,site_area,country,province,recs,post_0,ante_0,post_1,ante_1,fsk_au,fsk_arg,fsk_pb,fsk_cu,fsk_fe
Aachen,"North Rhine",Germany,"Germania Inferior",1,-999,999,-999,999,,4,3,,25
Ablaneda,,Spain,"Hispania Tarraconensis",1,-999,999,-999,999,2,,,,
"Abu Zawal",,Egypt,Aegyptus,1,-999,999,-999,999,2,,,,
Abundancia,Abundancia,Spain,"Hispania Baetica",1,-999,999,-999,999,,,,1,
Agrokipia,"Troodos Mountians",Cyprus,Cyprus,1,-999,999,-999,999,,,,1,
"Aguas Teñidas",Huelva,Spain,"Hispania Baetica",1,-999,999,-999,999,,,,1,
Agüera,,Spain,"Hispania Tarraconensis",1,-999,999,-999,999,2,,,,
"Alamadenes del Guadiato",Córdoba,Spain,"Hispania Baetica",1,-999,999,-999,999,,,,1,
Albac,"Alba County",Romania,Dacia,1,106,271,106,271,2,,,,
Alderley,Alderley,"United Kingdom",Brittannia,1,-999,999,-999,999,,,,1,
Aljustrel,Alentejo,Portugal,Lusitania,1,-999,999,-999,999,,4,,1,25
"Almadenes del Soberbio",Pedroches,Spain,"Hispania Baetica",1,-999,999,-999,999,,,,1,
"Alma?u Mare","Alba County",Romania,Dacia,1,106,271,106,271,2,,,,
Alpartir,Alpartir,Spain,"Hispania Tarraconensis",1,-999,999,-999,999,,,,1,
"Alto de las Fornias",León,Spain,"Hispania Tarraconensis",1,-999,999,-999,999,2,,,,
"Alto del Palo",,Spain,"Hispania Tarraconensis",1,-999,999,-999,999,2,,,,
Andiñuela,Astorga,Spain,"Hispania Tarraconensis",1,-999,999,-999,999,2,,,,
Andrés,Posadas,Spain,"Hispania Baetica",1,-999,999,-999,999,,4,3,,
Anguía,Bierzo,Spain,"Hispania Tarraconensis",1,-999,999,-999,999,2,,,,
Antoñita,,Spain,"Hispania Baetica",1,-999,999,-999,999,,4,3,1,
Apliki,"Troodos Mountians",Cyprus,Cyprus,1,-999,999,-999,999,,,,1,
Araceli,Azuaga-Fuenteovejuna,Spain,"Hispania Baetica",1,-999,999,-999,999,,4,3,,
Arditurri,Arditurri,Spain,"Hispania Tarraconensis",1,-999,999,-999,999,,4,3,,
Arganza,,Spain,"Hispania Tarraconensis",1,-999,999,-999,999,2,,,,
Argentiera,Nurra,Italy,"Corsica et Sardinia",1,-999,999,-999,999,,4,3,,
"Arroyo Chamazo",,Spain,"Hispania Baetica",1,-999,999,-999,999,,4,3,,
"Arroyo Perecedero",Pedroches,Spain,"Hispania Baetica",1,-999,999,-999,999,,4,3,,
"Arroyo Téllez",Azuaga-Fuenteovejuna,Spain,"Hispania Baetica",1,-999,999,-999,999,,4,3,,
"Arroyo de Alamo",Córdoba,Spain,"Hispania Baetica",1,-999,999,-999,999,,,,1,
"Arroyo de las Minetas",,Spain,"Hispania Baetica",1,-999,999,-999,999,,4,3,,
"Arroyo del Oro",,Spain,"Hispania Tarraconensis",1,-999,999,-999,999,2,,,,
Asproyia,"Troodos Mountians",Cyprus,Cyprus,1,-999,999,-999,999,,,,1,
Atalaya,Atalaya,Spain,"Hispania Tarraconensis",1,-999,999,-999,999,,,,1,
Atalla,,Egypt,Aegyptus,1,-999,999,-999,999,2,,,,
"Atollar de los Frailes",,Spain,"Hispania Baetica",1,-999,999,-999,999,,4,3,,
Aurora,Huelva,Spain,"Hispania Baetica",1,-999,999,-999,999,,4,3,,
"Avram Iancu","Alba County",Romania,Dacia,1,106,271,106,271,2,,,,
"Ayios Mamas","Troodos Mountians",Cyprus,Cyprus,1,-999,999,-999,999,,,,1,
"Bad Ems","North Rhine",Germany,"Germania Inferior",1,-999,999,-999,999,,4,3,1,
"Baia de Cri?",Hunedoara,Romania,Dacia,1,106,271,106,271,2,,,,
Banca,Banca,France,"Gallia Aquitania",1,-999,999,-999,999,,,,1,
Baralla,Galica,Spain,"Hispania Tarraconensis",1,-999,999,-999,999,2,,,,
Baramiya,,Egypt,Aegyptus,1,-999,999,-999,999,2,,,,
Barbantes,Galica,Spain,"Hispania Tarraconensis",1,-999,999,-999,999,2,,,,
"Barranco Hondillo","Barranco Hondillo",Spain,"Hispania Baetica",1,-999,999,-999,999,,4,3,,
"Barranco de Salanca","Barranco de Salanca",Spain,"Hispania Tarraconensis",1,-999,999,-999,999,,,3,,
"Barranco de Santa Filomena","Barranco de Santa Filomena",Spain,"Hispania Tarraconensis",1,-999,999,-999,999,,,,1,
"Barrio Nuevo",,Spain,"Hispania Baetica",1,-999,999,-999,999,,4,3,,
"Bastide de Serou",Ariege,France,"Gallia Narbonensis",1,-999,999,-999,999,2,,,1,
Bertartéa,Cambo-les-Bains,France,"Gallia Aquitania",1,-999,999,-999,999,2,,,,
Bessa,Bessa,Italy,"Alpes Cottiae",1,-999,999,-999,999,2,,,,
"Bir Umm Fawakhir",,Egypt,Aegyptus,1,-999,999,-999,999,2,,,,
Bistra,"Alba County",Romania,Dacia,1,106,271,106,271,2,,,,
Bleiberg,"North Rhine",Germany,"Germania Inferior",1,-999,999,-999,999,,4,3,,
Boc?a,Cara?-Severin,Romania,Dacia,1,106,999,-999,271,2,4,,,25
Boicza,,Romania,Dacia,1,106,271,106,271,2,,,,
Bolva?ni?a,Cara?-Severin,Romania,Dacia,1,106,271,106,271,2,,,,
Bor,"Timacum Minus",Serbia,Dalmatia,1,-999,999,-999,999,2,,,,25
Borlova,Cara?-Severin,Romania,Dacia,1,106,271,106,271,2,,,,
Brancanes,Alentejo,Portugal,Lusitania,1,-999,999,-999,999,,,,1,
Bucium,"Alba County",Romania,Dacia,1,106,271,106,271,2,,,,
Bukhalug,,Egypt,Aegyptus,1,-999,999,-999,999,2,,,,
Buñola,Buñola,Spain,"Hispania Tarraconensis",1,-999,999,-999,999,,4,3,,
B?ita,Hunedoara,Romania,Dacia,1,106,271,106,271,,4,,,
B?i?oara,Cluj,Romania,Dacia,1,106,271,106,271,2,4,,,
"Cabeza del Agua",Huelva,Spain,"Hispania Baetica",1,-999,999,-999,999,,,,1,
"Cabezas del Pasto",Huelva,Spain,"Hispania Baetica",1,-999,999,-999,999,,4,3,1,
"Cabezo Hueca",Huelva,Spain,"Hispania Baetica",1,-999,999,-999,999,,,,1,
"Cabezo Rajado",Cartagena-Mazarrón,Spain,"Hispania Tarraconensis",1,-999,999,-999,999,,4,3,,
"Cabezo de los Silos",Huelva,Spain,"Hispania Baetica",1,-999,999,-999,999,,,,1,
Calamón,Posadas,Spain,"Hispania Baetica",1,-999,999,-999,999,,4,3,,
Cambo-les-Bains,Cambo-les-Bains,France,"Gallia Aquitania",1,-200,,200,300,2,,,,
"Camp de César",Cambo-les-Bains,France,"Gallia Aquitania",1,-999,999,-999,999,2,,,,
Campanario,Huelva,Spain,"Hispania Baetica",1,-999,999,-999,999,,,,1,
Camporredondo,León,Spain,"Hispania Tarraconensis",1,-999,999,-999,999,2,,,,
Canadá,Pedroches,Spain,"Hispania Baetica",1,-999,999,-999,999,,,,1,
"Cancho Blanco",,Spain,"Hispania Baetica",1,-999,999,-999,999,,4,3,,
Candelaria,Alcudia,Spain,"Hispania Tarraconensis",1,-999,999,-999,999,,4,3,1,
Caraciu,Hunedoara,Romania,Dacia,1,106,271,106,271,2,,,,
"Carcabón de Orrúa",,Spain,"Hispania Tarraconensis",1,-999,999,-999,999,2,,,,
Carmelita,Azuaga-Fuenteovejuna,Spain,"Hispania Baetica",1,-999,999,-999,999,,4,3,,
Carris,Galica,Spain,"Hispania Tarraconensis",1,-999,999,-999,999,2,,,,
Castellar,Alcudia,Spain,"Hispania Tarraconensis",1,-999,999,-999,999,2,4,,,
"Castilla del Cobe",Córdoba,Spain,"Hispania Baetica",1,-999,999,-999,999,,,,1,
"Castillo Buitrón",Huelva,Spain,"Hispania Baetica",1,-999,999,-999,999,,,,1,
"Castillo de las Guardas",Huelva,Spain,"Hispania Baetica",1,-999,999,-999,999,,,,1,
Castripicón,Córdoba,Spain,"Hispania Baetica",1,-999,999,-999,999,,,,1,
Castropodame,Astorga,Spain,"Hispania Tarraconensis",1,-999,999,-999,999,2,,,,
"Cerro Castaño",Posadas,Spain,"Hispania Baetica",1,-999,999,-999,999,,,,1,
"Cerro Muriano",Córdoba,Spain,"Hispania Baetica",1,-999,999,-999,999,,,,1,
"Cerro da Mina",,Portugal,Lusitania,1,-999,999,-999,999,,,,1,
"Cerro de la Cruces",,Spain,"Hispania Baetica",1,-999,999,-999,999,,4,3,,
"Cerro de la Mina",,Spain,"Hispania Baetica",1,-999,999,-999,999,,4,3,,
"Cerro de la Orden",Azuaga-Fuenteovejuna,Spain,"Hispania Baetica",1,-999,999,-999,999,,4,3,,
"Cerro del Esparto",Posadas,Spain,"Hispania Baetica",1,-999,999,-999,999,,,,1,
Ceutrons,Ceutrons,France,"Alpes Cottiae",1,-999,999,-999,999,,,,1,
"Chaparro Barrenado",Pedroches,Spain,"Hispania Baetica",1,-999,999,-999,999,,4,3,1,
Charterhouse,Mendips,"United Kingdom",Brittannia,1,49,49,-999,999,,4,3,,
Chewton,Mendips,"United Kingdom",Brittannia,1,-999,999,-999,999,,4,3,,
"Cimera de la Collada",León,Spain,"Hispania Tarraconensis",1,-999,999,-999,999,2,,,,
Cirujales,León,Spain,"Hispania Tarraconensis",1,-999,999,-999,999,2,,,,
"Cobas de Fornas",Galica,Spain,"Hispania Tarraconensis",1,-999,999,-999,999,,,,1,
Cobatillas,Alcudia,Spain,"Hispania Tarraconensis",1,-999,999,-999,999,,4,3,,
Colmenarejo,Colmenarejo,Spain,"Hispania Tarraconensis",1,-999,999,-999,999,,,,1,
Compuerto,León,Spain,"Hispania Tarraconensis",1,-999,999,-999,999,2,,,,
Concepción,Huelva,Spain,"Hispania Baetica",1,-999,999,-999,999,,,,1,
Corcoesto,Galica,Spain,"Hispania Tarraconensis",1,-999,999,-999,999,2,,,,
"Cortijo de Peralbo",Pedroches,Spain,"Hispania Baetica",1,-999,999,-999,999,,,,1,
"Coto Fortuna",Cartagena-Mazarrón,Spain,"Hispania Tarraconensis",1,-999,999,-999,999,,4,3,,
Cotofia,Alcudia,Spain,"Hispania Tarraconensis",1,-999,999,-999,999,,4,3,,
Couso,Bierzo,Spain,"Hispania Tarraconensis",1,-999,999,-999,999,2,,,,
Cousos,León,Spain,"Hispania Tarraconensis",1,-999,999,-999,999,2,,,,
Covas,Galica,Spain,"Hispania Tarraconensis",1,-999,999,-999,999,,,,1,
Cri?cior,Hunedoara,Romania,Dacia,1,106,271,106,271,2,,,,
Crugeira,"Picos de Arocha",Portugal,"Hispania Baetica",1,-999,999,-999,999,,,,1,
Cr?ciune?ti,Hunedoara,Romania,Dacia,1,106,271,106,271,2,,,,
"Cueva de la Lapa","Picos de Arocha",Spain,"Hispania Baetica",1,-999,999,-999,999,,,,1,
"Cueva de la Mora",Huelva,Spain,"Hispania Baetica",1,-999,999,-999,999,,4,,1,
"Cueva de la Paloma",Almería,Spain,"Hispania Baetica",1,-999,999,-999,999,,,,1,
Cádiz,Posadas,Spain,"Hispania Baetica",1,-999,999,-999,999,,4,3,,
"Câinelul de Sus",Hunedoara,Romania,Dacia,1,106,271,106,271,2,,,,
Dehesa,Azuaga-Fuenteovejuna,Spain,"Hispania Baetica",1,-999,999,-999,999,,4,3,,
"Dehesa de Covatillas",Posadas,Spain,"Hispania Baetica",1,-999,999,-999,999,,4,3,,
"Dehesa de Quirós",Pedroches,Spain,"Hispania Baetica",1,-999,999,-999,999,,,,1,
"Dehesa de la Mesa",Azuaga-Fuenteovejuna,Spain,"Hispania Baetica",1,-999,999,-999,999,,4,3,,
Diana,Sevilla,Spain,"Hispania Baetica",1,-999,999,-999,999,,4,3,,
Diogenes,Alcudia,Spain,"Hispania Tarraconensis",1,-999,999,-999,999,,4,3,,
Dognecea,Cara?-Severin,Romania,Dacia,1,106,271,106,271,2,4,3,1,25
Dolaucothi,,"United Kingdom",Brittannia,1,70,150,-999,999,2,,,,
Dolores,Dolores,Spain,"Hispania Baetica",1,-999,999,-999,999,,4,3,,
Dunqash,,Egypt,Aegyptus,1,-999,999,-999,999,2,,,,
"EL Gallo",Alcudia,Spain,"Hispania Tarraconensis",1,-999,999,-999,999,,4,3,,
Eifel,"North Rhine",Germany,"Germania Inferior",1,-999,999,-999,999,,4,3,,
"El Bachicón",,Spain,"Hispania Tarraconensis",1,-999,999,-999,999,2,,,,
"El Borracho",Alcudia,Spain,"Hispania Tarraconensis",1,-999,999,-999,999,,4,3,,
"El Buho",,Spain,"Hispania Baetica",1,-999,999,-999,999,,4,3,,
"El Burcio",Alcudia,Spain,"Hispania Tarraconensis",1,-999,999,-999,999,,4,3,,
"El Calvo",Azuaga-Fuenteovejuna,Spain,"Hispania Baetica",1,-999,999,-999,999,,4,3,,
"El Campillo","Picos de Arocha",Spain,"Hispania Baetica",1,-999,999,-999,999,,,,1,
"El Carpio",Huelva,Spain,"Hispania Baetica",1,-999,999,-999,999,,,,1,
"El Castillo","Linares-La Carolina",Spain,"Hispania Tarraconensis",1,-999,999,-999,999,,4,3,,
"El Centenillo","Linares-La Carolina",Spain,"Hispania Tarraconensis",1,-999,999,-999,999,,4,3,,
"El Charcon",Cartagena-Mazarrón,Spain,"Hispania Tarraconensis",1,-999,999,-999,999,,4,3,,
"El Charcón",Almería,Spain,"Hispania Baetica",1,-999,999,-999,999,,4,3,,
"El Chaves","Linares-La Carolina",Spain,"Hispania Tarraconensis",1,-999,999,-999,999,,,,,
"El Chorrillo",Alcudia,Spain,"Hispania Tarraconensis",1,-999,999,-999,999,,4,3,,
"El Francés",Posadas,Spain,"Hispania Baetica",1,-999,999,-999,999,,4,3,1,
"El Galayo",Sevilla,Spain,"Hispania Baetica",1,-999,999,-999,999,,4,3,,
"El Ganso",Astorga,Spain,"Hispania Tarraconensis",1,-999,999,-999,999,2,,,,
"El Hambre",Azuaga-Fuenteovejuna,Spain,"Hispania Baetica",1,-999,999,-999,999,,4,3,,
"El Hondillo","El Hondillo",Spain,"Hispania Baetica",1,-999,999,-999,999,,,,1,
"El Infierno",Azuaga-Fuenteovejuna,Spain,"Hispania Baetica",1,-999,999,-999,999,,4,3,,
"El Ingertal",Posadas,Spain,"Hispania Baetica",1,-999,999,-999,999,,4,3,,
"El Judío","El Judío",Spain,"Hispania Baetica",1,-999,999,-999,999,,4,,,
"El Juncal","Picos de Arocha",Spain,"Hispania Baetica",1,-999,999,-999,999,,,,1,
"El Lagunazo",Huelva,Spain,"Hispania Baetica",1,-999,999,-999,999,,,,1,
"El Lirio",Azuaga-Fuenteovejuna,Spain,"Hispania Baetica",1,-999,999,-999,999,,4,3,,
"El Mico",Córdoba,Spain,"Hispania Baetica",1,-999,999,-999,999,,,,1,
"El Mochuelo",Alcudia,Spain,"Hispania Tarraconensis",1,-999,999,-999,999,,4,3,,
"El Morte","El Morte",Spain,"Hispania Baetica",1,-999,999,-999,999,,4,3,,
"El Nido",Alcudia,Spain,"Hispania Tarraconensis",1,-999,999,-999,999,,4,3,,
"El Pedregal",Bierzo,Spain,"Hispania Tarraconensis",1,-999,999,-999,999,2,,,,
"El Piconcillo",Azuaga-Fuenteovejuna,Spain,"Hispania Baetica",1,-999,999,-999,999,,4,3,1,
"El Pleito",Alcudia,Spain,"Hispania Tarraconensis",1,-999,999,-999,999,,4,3,,
"El Ploncion",León,Spain,"Hispania Tarraconensis",1,-999,999,-999,999,2,,,,
"El Rincón",Posadas,Spain,"Hispania Baetica",1,-999,999,-999,999,,4,3,,
"El Saldonal",Astorga,Spain,"Hispania Tarraconensis",1,-999,999,-999,999,2,,,,
"El Soldado",Pedroches,Spain,"Hispania Baetica",1,-999,999,-999,999,,4,3,,
Eridiya,,Egypt,Aegyptus,1,-999,999,-999,999,2,,,,
"Ermita de Andamies",,Spain,"Hispania Tarraconensis",1,-999,999,-999,999,2,,,,
"Ermita de la Estrella",Bierzo,Spain,"Hispania Tarraconensis",1,-999,999,-999,999,2,,,,
Escarranchal,Azuaga-Fuenteovejuna,Spain,"Hispania Baetica",1,-999,999,-999,999,,4,3,,
Esperanza,Azuaga-Fuenteovejuna,Spain,"Hispania Baetica",1,-999,999,-999,999,,4,3,,
"Espinoso de Compludo",Astorga,Spain,"Hispania Tarraconensis",1,-999,999,-999,999,2,,,,
Espiñeira,Galica,Spain,"Hispania Tarraconensis",1,-999,999,-999,999,2,,,,
Estrella,,Spain,"Hispania Tarraconensis",1,-999,999,-999,999,,4,,1,
"Estrella (Beiras)",Beiras,Spain,"Hispania Tarraconensis",1,-999,999,-999,999,,4,3,,
Faidiel,,Spain,"Hispania Tarraconensis",1,-999,999,-999,999,2,,,,
Fastias,,Spain,"Hispania Tarraconensis",1,-999,999,-999,999,2,,,,
Faynan,"Wadi Arabah",Jordan,"Arabia Petraea",1,106,271,600,,,,,1,
Ferminera,Azuaga-Fuenteovejuna,Spain,"Hispania Baetica",1,-999,999,-999,999,,4,3,,
"Filón del Cobre","Linares-La Carolina",Spain,"Hispania Tarraconensis",1,-999,999,-999,999,,4,3,1,
Fize?,Hunedoara,Romania,Dacia,1,106,271,106,271,2,,,,
Fluminimaggiore,Iglesias,Italy,"Corsica et Sardinia",1,-999,999,-999,999,,4,3,,
Fojnica,"Gornji Vakuf","Bosnia and Herzegovina",Dalmatia,1,-999,999,-999,999,2,,,,25
Fombuena,Fombuena,Spain,"Hispania Tarraconensis",1,-999,999,-999,999,,,,1,
Fontanar,Pedroches,Spain,"Hispania Baetica",1,-999,999,-999,999,,,,1,
Fornaza,Galica,Spain,"Hispania Tarraconensis",1,-999,999,-999,999,,4,3,,
"Fuente la Zarza",,Spain,"Hispania Baetica",1,-999,999,-999,999,,4,3,,
"Furados de Pombeiro",Beiras,Portugal,"Hispania Tarraconensis",1,-999,999,-999,999,2,,,,
Gamonita,,Spain,"Hispania Baetica",1,-999,999,-999,999,,4,3,,
Gelli,,Egypt,Aegyptus,1,-999,999,-999,999,2,,,,
Ghuzza,,Egypt,Aegyptus,1,-999,999,-999,999,2,,,,
Gibla,Sevilla,Spain,"Hispania Baetica",1,-999,999,-999,999,,,,1,
"Gorni Lom","Timacum Minus",Serbia,Dalmatia,1,-999,999,-999,999,,,,1,25
"Gornji Vakuf","Gornji Vakuf","Bosnia and Herzegovina",Dalmatia,1,-999,999,-999,999,2,4,,1,25
Gradiste,"Timacum Minus",Serbia,Dalmatia,1,-999,999,-999,999,2,,,,25
Guaditoca,Azuaga-Fuenteovejuna,Spain,"Hispania Baetica",1,-999,999,-999,999,,4,3,,
Guijuelo,Beiras,Spain,"Hispania Tarraconensis",1,-999,999,-999,999,,4,3,,
Gumuldur,,Turkey,Asia,1,-999,999,-999,999,,4,3,,
"Herdade da Tinoca",Alentejo,Portugal,Lusitania,1,-999,999,-999,999,,,,1,
"Herdade do Montinho",Alentejo,Portugal,Lusitania,1,-999,999,-999,999,,,,1,
"Herrerías (Almería)",Almería,Spain,"Hispania Baetica",1,-999,999,-999,999,,4,,,
"Herrerías (Huelva)",Huelva,Spain,"Hispania Baetica",1,-999,999,-999,999,,4,,1,
"Herrerías de los Confesionarios",Huelva,Spain,"Hispania Baetica",1,-999,999,-999,999,,,,1,
Hervederas,,Spain,"Hispania Tarraconensis",1,-999,999,-999,999,2,,,,
Hondol,Hunedoara,Romania,Dacia,1,106,271,106,271,2,,,,
"Huerta de Jaun Abad","Montoro Andújar",Spain,"Hispania Baetica",1,-999,999,-999,999,,4,3,,
H?r??gani,Hunedoara,Romania,Dacia,1,106,271,106,271,2,,,,
Ibollo,,Spain,"Hispania Tarraconensis",1,-999,999,-999,999,2,,,,
Iscroni,Hunedoara,Romania,Dacia,1,106,271,106,271,2,,,,
Jales,Trás-os-montes,Portugal,"Hispania Tarraconensis",1,-999,999,-999,999,2,,,,
Janjevo,"Toplica Valley",Kosovo,"Moesia Superior",1,-999,999,-999,999,,4,3,,
Japra,"Japra Valley","Bosnia and Herzegovina",Dalmatia,1,-999,999,-999,999,,4,3,1,25
Jezero,Rudnik,Serbia,"Moesia Superior",1,-999,999,-999,999,,4,3,1,
Justicia,Azuaga-Fuenteovejuna,Spain,"Hispania Baetica",1,-999,999,-999,999,,4,3,,
Kalavassos,"Troodos Mountians",Cyprus,Cyprus,1,-999,999,-999,999,,,,1,
Kambia,"Troodos Mountians",Cyprus,Cyprus,1,-999,999,-999,999,,,,1,
Keldenich,"North Rhine",Germany,"Germania Inferior",1,-999,999,-999,999,,4,3,,
Kinousa,"Troodos Mountians",Cyprus,Cyprus,1,-999,999,-999,999,,,,1,
Kosmaj,,Serbia,"Moesia Superior",1,-999,999,-999,999,,4,3,,
Kre?evo,"Gornji Vakuf","Bosnia and Herzegovina",Dalmatia,1,-999,999,-999,999,2,,,,25
Ku?ajna,"Pincus Valley",Serbia,"Moesia Superior",1,-999,999,-999,999,2,4,,1,25
L'Assaladou,Ariege,France,"Gallia Narbonensis",1,-999,999,-999,999,2,,,,
"La Alondra",,Spain,"Hispania Baetica",1,-999,999,-999,999,,4,3,,
"La Argentera","La Argentera",Spain,"Hispania Tarraconensis",1,-999,999,-999,999,,4,3,,
"La Atalaya",Pedroches,Spain,"Hispania Baetica",1,-999,999,-999,999,,4,3,1,
"La Belliere",Belliere,France,"Gallia Aquitania",1,-999,999,-999,999,2,,,,
"La Bessette",Bessette,France,"Gallia Aquitania",1,-999,999,-999,999,2,,,,
"La Cabra",Alcudia,Spain,"Hispania Tarraconensis",1,-999,999,-999,999,,4,3,,
"La Calabaza",Astorga,Spain,"Hispania Tarraconensis",1,-999,999,-999,999,2,,,,
"La Cruz","Linares-La Carolina",Spain,"Hispania Tarraconensis",1,-999,999,-999,999,,4,3,1,
"La Cruz de Hierro",Astorga,Spain,"Hispania Tarraconensis",1,-999,999,-999,999,2,,,,
"La Fontanilla",Astorga,Spain,"Hispania Tarraconensis",1,-999,999,-999,999,2,,,,
"La Fortuna",Alcudia,Spain,"Hispania Tarraconensis",1,-999,999,-999,999,,4,3,,
"La Fucarona",Astorga,Spain,"Hispania Tarraconensis",1,-999,999,-999,999,2,,,,
"La Gran Mina",Córdoba,Spain,"Hispania Baetica",1,-999,999,-999,999,,4,,1,
"La Herreria","Montoro Andújar",Spain,"Hispania Baetica",1,-999,999,-999,999,,4,3,1,
"La Joya",Huelva,Spain,"Hispania Baetica",1,-999,999,-999,999,,,,1,
"La Lagunilla",Azuaga-Fuenteovejuna,Spain,"Hispania Baetica",1,-999,999,-999,999,,4,3,,
"La Lancha",Huelva,Spain,"Hispania Baetica",1,-999,999,-999,999,,,,1,
"La Lapilla",Huelva,Spain,"Hispania Baetica",1,-999,999,-999,999,,,,1,
"La Leitosa",Bierzo,Spain,"Hispania Tarraconensis",1,-999,999,-999,999,2,,,,
"La Loba",Azuaga-Fuenteovejuna,Spain,"Hispania Baetica",1,-999,999,-999,999,,4,3,1,
"La Luz (Alcudia)",Alcudia,Spain,"Hispania Tarraconensis",1,-999,999,-999,999,,4,3,,
"La Luz (Linares)","Linares-La Carolina",Spain,"Hispania Tarraconensis",1,-999,999,-999,999,,4,3,,
"La Matilla",,Spain,"Hispania Baetica",1,-999,999,-999,999,,4,3,,
"La Minaye",Minayre,France,"Gallia Aquitania",1,-999,999,-999,999,,4,3,,
"La Mortera",,Spain,"Hispania Tarraconensis",1,-999,999,-999,999,2,,,,
"La Onza",Sevilla,Spain,"Hispania Baetica",1,-999,999,-999,999,,4,3,1,
"La Pastora",Azuaga-Fuenteovejuna,Spain,"Hispania Baetica",1,-999,999,-999,999,,,,1,
"La Perdiz",,Spain,"Hispania Baetica",1,-999,999,-999,999,,4,3,,
"La Pililla",Pedroches,Spain,"Hispania Baetica",1,-999,999,-999,999,,,,1,
"La Plagne",Plagne,France,"Alpes Cottiae",1,-999,999,-999,999,,4,3,,
"La Presa",Astorga,Spain,"Hispania Tarraconensis",1,-999,999,-999,999,2,,,,
"La Quemada",Galica,Spain,"Hispania Tarraconensis",1,-999,999,-999,999,2,,,,
"La Reforma",Huelva,Spain,"Hispania Baetica",1,-999,999,-999,999,,,,1,
"La Rodde",Rodde,France,"Gallia Narbonensis",1,-999,999,-999,999,,4,3,,
"La Romana",Alcudia,Spain,"Hispania Tarraconensis",1,-999,999,-999,999,,4,3,,
"La Romanera",Huelva,Spain,"Hispania Baetica",1,-999,999,-999,999,,,,1,
"La Roussignole",Cabrieres,France,"Gallia Narbonensis",1,-999,999,-999,999,,,,1,
"La Serrana",Azuaga-Fuenteovejuna,Spain,"Hispania Baetica",1,-999,999,-999,999,,4,3,,
"La Torrecilla","Linares-La Carolina",Spain,"Hispania Tarraconensis",1,-999,999,-999,999,,4,3,,
"La Victoria",Alcudia,Spain,"Hispania Tarraconensis",1,-999,999,-999,999,,4,3,,
"La Zarza",Huelva,Spain,"Hispania Baetica",1,-999,999,-999,999,,,,1,
"Lagar de la Cruz",Córdoba,Spain,"Hispania Baetica",1,-999,999,-999,999,,,,1,
Lago,Galica,Spain,"Hispania Tarraconensis",1,-999,999,-999,999,2,,,,
"Lagos de Silva",,Spain,"Hispania Tarraconensis",1,-999,999,-999,999,2,,,,
"Laguna de Valseco",Astorga,Spain,"Hispania Tarraconensis",1,-999,999,-999,999,2,,,,
Landaussia,Cambo-les-Bains,France,"Gallia Aquitania",1,-999,999,-999,999,2,,,,
Lanestosa,Lanestosa,Spain,"Hispania Tarraconensis",1,-999,999,-999,999,,,3,,
Lanz,,Spain,"Hispania Tarraconensis",1,-999,999,-999,999,,,,1,
"Las Alquitones",Azuaga-Fuenteovejuna,Spain,"Hispania Baetica",1,-999,999,-999,999,,4,3,,
"Las Cavenes",Beiras,Spain,"Hispania Tarraconensis",1,-999,999,-999,999,2,,,,
"Las Minillas",Alcudia,Spain,"Hispania Tarraconensis",1,-999,999,-999,999,,4,3,1,
"Las Morenas",Azuaga-Fuenteovejuna,Spain,"Hispania Baetica",1,-999,999,-999,999,,4,3,,
"Las Morras",Pedroches,Spain,"Hispania Baetica",1,-999,999,-999,999,,4,3,,
"Las Murias",Astorga,Spain,"Hispania Tarraconensis",1,-999,999,-999,999,2,,,,
"Las Musas",Azuaga-Fuenteovejuna,Spain,"Hispania Baetica",1,-999,999,-999,999,,4,3,,
"Las Médulas",Bierzo,Spain,"Hispania Tarraconensis",1,-999,999,-999,999,2,,,,
"Las Pozas",Alcudia,Spain,"Hispania Tarraconensis",1,-999,999,-999,999,,4,3,,
Lascours,L'Orb,France,"Gallia Narbonensis",1,-999,999,-999,999,,4,3,1,
Lavadoira,,Spain,"Hispania Tarraconensis",1,-999,999,-999,999,2,,,,
"Le Bleymard","Le Bleymard",France,"Gallia Aquitania",1,-999,999,-999,999,,4,3,,
Lece,"Toplica Valley",Kosovo,"Moesia Superior",1,-999,999,-999,999,,4,3,,
"Les Miaules","Les Miaules",France,"Gallia Lugdunensis",1,-999,999,-999,999,2,,,,
Limni,"Troodos Mountians",Cyprus,Cyprus,1,-999,999,-999,999,,,,1,
"Llano Tabernero",Pedroches,Spain,"Hispania Baetica",1,-999,999,-999,999,,,,1,
Llanymynech,,"United Kingdom",Brittannia,1,-999,999,-999,999,,,,1,
"Lomo de Perro",,Spain,"Hispania Baetica",1,-999,999,-999,999,,4,3,1,
"Los Alemanes","Linares-La Carolina",Spain,"Hispania Tarraconensis",1,-999,999,-999,999,,4,3,,
"Los Almadenes",Pedroches,Spain,"Hispania Baetica",1,-999,999,-999,999,,4,3,,
"Los Almandenejos A","Montoro Andújar",Spain,"Hispania Baetica",1,-999,999,-999,999,,,,1,
"Los Arrayanes","Linares-La Carolina",Spain,"Hispania Tarraconensis",1,-999,999,-999,999,,4,3,1,
"Los Bueyes",Huelva,Spain,"Hispania Baetica",1,-999,999,-999,999,,,,1,
"Los Culeritos","Picos de Arocha",Spain,"Hispania Baetica",1,-999,999,-999,999,,,,1,
"Los Dolores",Alcudia,Spain,"Hispania Tarraconensis",1,-999,999,-999,999,,4,3,,
"Los Eneros",Azuaga-Fuenteovejuna,Spain,"Hispania Baetica",1,-999,999,-999,999,,4,3,1,
"Los Engarbos","Los Engarbos",Spain,"Hispania Baetica",1,-999,999,-999,999,,4,3,,
"Los Escoriales","Montoro Andújar",Spain,"Hispania Baetica",1,-999,999,-999,999,,,,1,
"Los Galayos",Alcudia,Spain,"Hispania Tarraconensis",1,-999,999,-999,999,,4,3,,
"Los Guijarros","Picos de Arocha",Spain,"Hispania Baetica",1,-999,999,-999,999,,,,1,
"Los Guindos","Linares-La Carolina",Spain,"Hispania Tarraconensis",1,-999,999,-999,999,,4,3,,
"Los Palazuelos","Linares-La Carolina",Spain,"Hispania Tarraconensis",1,-999,999,-999,999,,4,3,1,
"Los Pobos",Pedroches,Spain,"Hispania Baetica",1,-999,999,-999,999,,,,1,
"Los Poliñeiros",Bierzo,Spain,"Hispania Tarraconensis",1,-999,999,-999,999,2,,,,
Lozacio,Trás-os-montes,Spain,"Hispania Tarraconensis",1,-999,999,-999,999,,4,3,,
Lukovo,"Timacum Minus",Serbia,Dalmatia,1,-999,999,-999,999,,4,3,,
Lup?a,"Alba County",Romania,Dacia,1,106,271,106,271,2,,,,
Machen,Machen,"United Kingdom",Brittannia,1,-999,999,-999,999,,4,3,,
Madarnas,Galica,Spain,"Hispania Tarraconensis",1,-999,999,-999,999,2,,,,
Madereros,Posadas,Spain,"Hispania Baetica",1,-999,999,-999,999,,4,3,1,
Maidan,Cara?-Severin,Romania,Dacia,1,106,271,106,271,2,,,,
"Majada Hermosa",,Spain,"Hispania Baetica",1,-999,999,-999,999,,4,3,,
Majdanpek,"Pincus Valley",Serbia,"Moesia Superior",1,-999,999,-999,999,2,,,1,
Malacalzetta,Iglesias,Italy,"Corsica et Sardinia",1,-999,999,-999,999,,4,3,,
Malhada,Beiras,Portugal,"Hispania Tarraconensis",1,-999,999,-999,999,,4,3,,
"Manzanal del Puerto",Astorga,Spain,"Hispania Tarraconensis",1,-999,999,-999,999,2,,,,
Manzaneda,Astorga,Spain,"Hispania Tarraconensis",1,-999,999,-999,999,2,,,,
Manzarnoso,Astorga,Spain,"Hispania Tarraconensis",1,-999,999,-999,999,2,,,,
Marga,Cara?-Severin,Romania,Dacia,1,106,271,106,271,2,,,,
"Massa Marittima","Massa Marittima",Italy,Italia,1,-999,999,-999,999,,,3,1,25
Mathiatis,"Troodos Mountians",Cyprus,Cyprus,1,-999,999,-999,999,,,,1,
Matlock,,"United Kingdom",Brittannia,1,-999,999,-999,999,,4,3,,
Mavrovouni,"Troodos Mountians",Cyprus,Cyprus,1,-999,999,-999,999,,,,1,
Mazarrón,Cartagena-Mazarrón,Spain,"Hispania Tarraconensis",1,-999,999,-999,999,,4,3,,
Mazokambos,"Troodos Mountians",Cyprus,Cyprus,1,-999,999,-999,999,,,,1,
Mechernich,"North Rhine",Germany,"Germania Inferior",1,-999,999,-999,999,,4,3,,
Meimoa,Beiras,Portugal,"Hispania Tarraconensis",1,-999,999,-999,999,2,,,,
"Mesa del Castaño",Azuaga-Fuenteovejuna,Spain,"Hispania Baetica",1,-999,999,-999,999,,,,1,
Mesteac?n,Hunedoara,Romania,Dacia,1,106,271,106,271,2,,,,
Milreu,Beiras,Portugal,"Hispania Tarraconensis",1,-999,999,-999,999,2,,,,
"Mina Teular",Huelva,Spain,"Hispania Baetica",1,-999,999,-999,999,,,,1,
Minancos,"Picos de Arocha",Portugal,"Hispania Baetica",1,-999,999,-999,999,,,,1,
"Minas de Cala",Huelva,Spain,"Hispania Baetica",1,-999,999,-999,999,,,,1,
Mirabueno,Córdoba,Spain,"Hispania Baetica",1,-999,999,-999,999,,4,3,,
Miraflores,,Spain,"Hispania Baetica",1,-999,999,-999,999,,4,3,1,
Mitsero,"Troodos Mountians",Cyprus,Cyprus,1,-999,999,-999,999,,,,1,
Moeche,Galica,Spain,"Hispania Tarraconensis",1,-999,999,-999,999,,,,1,
"Moldova Nou?",Cara?-Severin,Romania,Dacia,1,106,271,106,271,2,4,3,1,25
Moncelos,Galica,Spain,"Hispania Tarraconensis",1,-999,999,-999,999,2,,,,
Monfortinho,Beiras,Portugal,"Hispania Tarraconensis",1,-999,999,-999,999,2,,,,
"Monte Romero",Huelva,Spain,"Hispania Baetica",1,-999,999,-999,999,,,,1,
"Monte Venero","Monte Venero",Spain,"Hispania Baetica",1,-999,999,-999,999,,4,3,,
"Montefurado: Boca do Monte",Galica,Spain,"Hispania Tarraconensis",1,-999,999,-999,999,2,,,,
Monteponi,Iglesias,Italy,"Corsica et Sardinia",1,-999,999,-999,999,,4,3,,
Monterroso,,Spain,"Hispania Tarraconensis",1,-999,999,-999,999,2,,,,
Morla,Astorga,Spain,"Hispania Tarraconensis",1,-999,999,-999,999,2,,,,
Mougno,Cabrieres,France,"Gallia Narbonensis",1,-999,999,-999,999,,,,1,
"Médulas de la Omañas",León,Spain,"Hispania Tarraconensis",1,-999,999,-999,999,2,,,,
M?gura-Topli?a,Hunedoara,Romania,Dacia,1,106,271,106,271,2,,,,
"Nava del Jadraque","Nava del Jadraque",Spain,"Hispania Tarraconensis",1,-999,999,-999,999,2,,,,
Navalespino,Azuaga-Fuenteovejuna,Spain,"Hispania Baetica",1,-999,999,-999,999,,4,3,1,
Navelgas,,Spain,"Hispania Tarraconensis",1,-999,999,-999,999,2,,,,
Noreia,Magdalensberg,Austria,Noricum,1,-999,999,-999,999,2,,,,25
"Novo Brdo","Toplica Valley",Kosovo,"Moesia Superior",1,-999,999,-999,999,2,4,3,,
"O Penedo",Galica,Spain,"Hispania Tarraconensis",1,-999,999,-999,999,2,,,,
"Orellana Vieja","Orellana Vieja",Spain,"Hispania Baetica",1,-999,999,-999,999,,4,3,,
Ostru?nica,"Gornji Vakuf","Bosnia and Herzegovina",Dalmatia,1,-999,999,-999,999,2,,,,25
Paradaseca,Bierzo,Spain,"Hispania Tarraconensis",1,-999,999,-999,999,2,,,,
Paradiña,Bierzo,Spain,"Hispania Tarraconensis",1,-999,999,-999,999,2,,,,
"Parys Mountain",,"United Kingdom",Brittannia,1,43,999,-999,999,,,,1,
"Pedreras Viejas",Cartagena-Mazarrón,Spain,"Hispania Tarraconensis",1,-999,999,-999,999,,4,3,,
Penedela,,Spain,"Hispania Tarraconensis",1,-999,999,-999,999,,4,3,,
Pentre,"Pentre Flintshire","United Kingdom",Brittannia,1,9999,100,-999,999,,,,1,
Persou,,Egypt,Aegyptus,1,-999,999,-999,999,2,,,,
Petaca,Alcudia,Spain,"Hispania Tarraconensis",1,-999,999,-999,999,,4,3,,
Petro?ani,Hunedoara,Romania,Dacia,1,106,271,106,271,2,,,,
"Peña Bellosa",Astorga,Spain,"Hispania Tarraconensis",1,-999,999,-999,999,2,,,,
"Peña María",León,Spain,"Hispania Tarraconensis",1,-999,999,-999,999,,4,3,,
"Peña de Hierro",Huelva,Spain,"Hispania Baetica",1,-999,999,-999,999,,,,1,
"Peña del Águila",Posadas,Spain,"Hispania Baetica",1,-999,999,-999,999,,4,3,1,
"Peñón del Moro",Azuaga-Fuenteovejuna,Spain,"Hispania Baetica",1,-999,999,-999,999,,4,3,,
Pe?tera,Cluj,Romania,Dacia,1,106,271,-999,271,2,,,,
"Pico Montouto",,Spain,"Hispania Tarraconensis",1,-999,999,-999,999,2,,,,
"Pico de Lirio",,Spain,"Hispania Baetica",1,-999,999,-999,999,,4,3,,
"Pico del Aguila","Picos de Arocha",Spain,"Hispania Baetica",1,-999,999,-999,999,,,,1,
"Pilar de Jaravia",Cartagena-Mazarrón,Spain,"Hispania Tarraconensis",1,-999,999,-999,999,,4,,,
"Pilar de Jaravía",Almería,Spain,"Hispania Baetica",1,-999,999,-999,999,,4,3,,
Pioch-Farrus,Cabrieres,France,"Gallia Narbonensis",1,-999,999,-999,999,,,,1,
"Pobladura de Somoza",Bierzo,Spain,"Hispania Tarraconensis",1,-999,999,-999,999,2,,,,
Ponderosa,Huelva,Spain,"Hispania Baetica",1,-999,999,-999,999,,,,1,
Pontgibaud,Auverge,France,"Gallia Aquitania",1,-999,999,-999,999,,4,3,,
Porciles,,Spain,"Hispania Tarraconensis",1,-999,999,-999,999,2,,,,
Potosí,Sevilla,Spain,"Hispania Baetica",1,-999,999,-999,999,,,,1,
"Pozo Limideiro",Galica,Spain,"Hispania Tarraconensis",1,-999,999,-999,999,2,,,,
"Pozo Rico (Alcudia)",Alcudia,Spain,"Hispania Tarraconensis",1,-999,999,-999,999,,4,3,,
"Pozo Rico (Sevilla)",Sevilla,Spain,"Hispania Baetica",1,-999,999,-999,999,,4,,1,
"Pozo de la Griega",León,Spain,"Hispania Tarraconensis",1,-999,999,-999,999,2,,,,
"Poço das Freitas",Trás-os-montes,Portugal,"Hispania Tarraconensis",1,-999,999,-999,999,2,,,,
Pradela,Bierzo,Spain,"Hispania Tarraconensis",1,-999,999,-999,999,2,,,,
"Prado Posadillas Huergas",Astorga,Spain,"Hispania Tarraconensis",1,-999,999,-999,999,2,,,,
"Prado Vicioso",Huelva,Spain,"Hispania Baetica",1,-999,999,-999,999,,,,1,
"Prado de Paradiña",Bierzo,Spain,"Hispania Tarraconensis",1,-999,999,-999,999,2,,,,
Pradorrey,Astorga,Spain,"Hispania Tarraconensis",1,-999,999,-999,999,2,,,,
"Puebla del Brollón",Galica,Spain,"Hispania Tarraconensis",1,-999,999,-999,999,2,,,,
Pumar,,Spain,"Hispania Tarraconensis",1,-999,999,-999,999,2,,,,
Quilos,Bierzo,Spain,"Hispania Tarraconensis",1,-999,999,-999,999,2,,,,
"Quintanilla de Flórez",Astorga,Spain,"Hispania Tarraconensis",1,-999,999,-999,999,2,,,,
"Quinto Rascarroña",,Spain,"Hispania Baetica",1,-999,999,-999,999,,4,3,,
"Quinto del Hierro",Alcudia,Spain,"Hispania Tarraconensis",1,-999,999,-999,999,,4,3,,
"Rebelde Julia",,Spain,"Hispania Baetica",1,-999,999,-999,999,,4,3,,
Regia,Regia,Spain,"Hispania Tarraconensis",1,-999,999,-999,999,,,3,,
"Reguera de las Fuentes",León,Spain,"Hispania Tarraconensis",1,-999,999,-999,999,2,,,,
Reocín,Reocín,Spain,"Hispania Tarraconensis",1,-999,999,-999,999,,,3,,
Ribón,Bierzo,Spain,"Hispania Tarraconensis",1,-999,999,-999,999,2,,,,
"Rio Foz",Galica,Spain,"Hispania Tarraconensis",1,-999,999,-999,999,2,,,,
Riodeporcos,,Spain,"Hispania Tarraconensis",1,-999,999,-999,999,,4,3,,
Riotinto,Huelva,Spain,"Hispania Baetica",1,-100,,200,,,4,,1,25
Rivas,Galica,Spain,"Hispania Tarraconensis",1,-999,999,-999,999,2,,,,
Rocabruna,Rocabruna,Spain,"Hispania Tarraconensis",1,-999,999,-999,999,2,,,1,
Romanilla,Alcudia,Spain,"Hispania Tarraconensis",1,-999,999,-999,999,,4,3,,
Rosalía,Azuaga-Fuenteovejuna,Spain,"Hispania Baetica",1,-999,999,-999,999,,4,3,,
"Ro?ia Montan?","Alba County",Romania,Dacia,1,106,271,106,271,2,,,,
Ruda,Hunedoara,Romania,Dacia,1,106,271,106,271,2,,,,
Rusman,"Timacum Minus",Serbia,Dalmatia,1,-999,999,-999,999,2,,3,1,
"Ruy Gomes","Picos de Arocha",Portugal,"Hispania Baetica",1,-999,999,-999,999,,,,1,
"Ría de Foz",Galica,Spain,"Hispania Tarraconensis",1,-999,999,-999,999,2,,,,
"Río Ancares",Bierzo,Spain,"Hispania Tarraconensis",1,-999,999,-999,999,2,,,,
"Río Cabrera",Bierzo,Spain,"Hispania Tarraconensis",1,-999,999,-999,999,2,,,,
"Río Ciurana","Rio Ciurana",Spain,"Hispania Tarraconensis",1,-999,999,-999,999,,,3,,
"Río Corumbel",Huelva,Spain,"Hispania Baetica",1,-999,999,-999,999,,,,1,
"Río Crispinejo",Huelva,Spain,"Hispania Baetica",1,-999,999,-999,999,,,,1,
"Río Ibias",,Spain,"Hispania Tarraconensis",1,-999,999,-999,999,2,,,,
"Río Lor 1",Galica,Spain,"Hispania Tarraconensis",1,-999,999,-999,999,2,,,,
"Río Lor 2",Galica,Spain,"Hispania Tarraconensis",1,-999,999,-999,999,2,,,,
"Río Miño 1",Galica,Spain,"Hispania Tarraconensis",1,-999,999,-999,999,2,,,,
"Río Miño 2",Galica,Spain,"Hispania Tarraconensis",1,-999,999,-999,999,2,,,,
"Río Miño 3",Galica,Portugal,"Hispania Tarraconensis",1,-999,999,-999,999,2,,,,
"Río Miño 4",Galica,Portugal,"Hispania Tarraconensis",1,-999,999,-999,999,2,,,,
"Río Navia 1",Galica,Spain,"Hispania Tarraconensis",1,-999,999,-999,999,2,,,,
"Río Navia 2",,Spain,"Hispania Tarraconensis",1,-999,999,-999,999,2,,,,
"Río Ponsul",Beiras,Portugal,"Hispania Tarraconensis",1,-999,999,-999,999,2,,,,
"Río Sil 1",Bierzo,Spain,"Hispania Tarraconensis",1,-999,999,-999,999,2,,,,
"Río Sil 2",Bierzo,Spain,"Hispania Tarraconensis",1,-999,999,-999,999,2,,,,
"Río Sil 3",Galica,Spain,"Hispania Tarraconensis",1,-999,999,-999,999,2,,,,
"Río Sil 4",Galica,Spain,"Hispania Tarraconensis",1,-999,999,-999,999,2,,,,
"Río Sil 5",Galica,Spain,"Hispania Tarraconensis",1,-999,999,-999,999,2,,,,
"Río Turieno",Astorga,Spain,"Hispania Tarraconensis",1,-999,999,-999,999,2,,,,
"Río Valmayor",Alcudia,Spain,"Hispania Tarraconensis",1,-999,999,-999,999,,4,3,,
"Río del Oro",,Spain,"Hispania Tarraconensis",1,-999,999,-999,999,2,,,,
"S Marcos",Alcudia,Spain,"Hispania Tarraconensis",1,-999,999,-999,999,,4,3,,
"S. Domingos",Huelva,Portugal,"Hispania Baetica",1,-999,999,-999,999,,4,,1,
"Salas de Galiarda","Montoro Andújar",Spain,"Hispania Baetica",1,-999,999,-999,999,,,,1,
"Salto del Burro",Azuaga-Fuenteovejuna,Spain,"Hispania Baetica",1,-999,999,-999,999,,4,3,,
Samut,,Egypt,Aegyptus,1,-999,999,-999,999,2,,,,
"San Eduardo",Huelva,Spain,"Hispania Baetica",1,-999,999,-999,999,,,,1,
"San Félix de Las Montañas",,Spain,"Hispania Tarraconensis",1,-999,999,-999,999,2,,,,
"San Gabriel","Linares-La Carolina",Spain,"Hispania Tarraconensis",1,-999,999,-999,999,,4,3,,
"San Giorgo",Iglesias,Italy,"Corsica et Sardinia",1,-999,999,-999,999,,4,3,,
"San Giovanni",Iglesias,Italy,"Corsica et Sardinia",1,-999,999,-999,999,,4,3,,
"San Juan Bautista",Alcudia,Spain,"Hispania Tarraconensis",1,-999,999,-999,999,,4,3,,
"San Miguel (Huelva)",Huelva,Spain,"Hispania Baetica",1,-999,999,-999,999,,,,1,
"San Miguel (Sevilla)",Sevilla,Spain,"Hispania Baetica",1,-999,999,-999,999,,4,,1,
"San Platón",Huelva,Spain,"Hispania Baetica",1,-999,999,-999,999,,,,1,
"San Quintin",Alcudia,Spain,"Hispania Tarraconensis",1,-999,999,-999,999,,4,3,,
"San Rafael",Azuaga-Fuenteovejuna,Spain,"Hispania Baetica",1,-999,999,-999,999,,4,3,,
"San Roque","Linares-La Carolina",Spain,"Hispania Tarraconensis",1,-999,999,-999,999,,4,3,,
"San Serafín",Alcudia,Spain,"Hispania Tarraconensis",1,-999,999,-999,999,,4,3,1,
"San Telmo",Huelva,Spain,"Hispania Baetica",1,-999,999,-999,999,,,,1,
"San Xé",Galica,Spain,"Hispania Tarraconensis",1,-999,999,-999,999,2,,,,
Sanfitorio,Galica,Spain,"Hispania Tarraconensis",1,-999,999,-999,999,2,,,,
"Santa Bárbara",Azuaga-Fuenteovejuna,Spain,"Hispania Baetica",1,-999,999,-999,999,,4,3,,
"Santa María",Azuaga-Fuenteovejuna,Spain,"Hispania Baetica",1,-999,999,-999,999,,4,3,,
"Santiago Cerredo",,Spain,"Hispania Tarraconensis",1,-999,999,-999,999,2,,,,
"Santo Cristo",,Spain,"Hispania Baetica",1,-999,999,-999,999,,4,3,,
"Santo Estevão",,Portugal,Lusitania,1,-999,999,-999,999,,,,1,
Sauerland,Sauerland,Germany,"Germania Inferior",1,-999,999,-999,999,,4,3,1,
Sc?ri?oara,"Alba County",Romania,Dacia,1,106,999,-999,271,2,,,,
"Segunda Pepe",Azuaga-Fuenteovejuna,Spain,"Hispania Baetica",1,-999,999,-999,999,,4,3,,
Segunderalejo,Huelva,Spain,"Hispania Baetica",1,-999,999,-999,999,,,,1,
"Serra de Banjas",Trás-os-montes,Portugal,"Hispania Tarraconensis",1,-999,999,-999,999,2,,,,
"Serra de Caveira",Alentejo,Portugal,Lusitania,1,-999,999,-999,999,,,,1,
"Serra de Santa Justa",Trás-os-montes,Portugal,"Hispania Tarraconensis",1,-999,999,-999,999,2,,,,
Sha,"Troodos Mountians",Cyprus,Cyprus,1,-999,999,-999,999,,,,1,
Shelve,"Shelve Hill","United Kingdom",Brittannia,1,-999,999,-999,999,,4,3,,
"Sierra Alamagrera",Cartagena-Mazarrón,Spain,"Hispania Tarraconensis",1,-999,999,-999,999,,4,3,1,
"Sierra Almagrera",Almería,Spain,"Hispania Baetica",1,-999,999,-999,999,,4,3,1,
"Sierra de Begega",,Spain,"Hispania Tarraconensis",1,-999,999,-999,999,2,,,,
"Sierra de Cartagena",Cartagena-Mazarrón,Spain,"Hispania Tarraconensis",1,-999,999,-999,999,,4,3,1,25
"Sierra de Gador",Almería,Spain,"Hispania Baetica",1,-999,999,-999,999,,4,3,,
Sierrecilla,Huelva,Spain,"Hispania Baetica",1,-999,999,-999,999,,4,3,1,
Siqdit,,Egypt,Aegyptus,1,-999,999,-999,999,2,,,,
Siviez,Siviez,Switzerland,"Alpes Cottiae",1,-999,999,-999,999,,4,3,,
Skouriotissa,"Troodos Mountians",Cyprus,Cyprus,1,-999,999,-999,999,,,,1,
Socorro,Alcudia,Spain,"Hispania Tarraconensis",1,-999,999,-999,999,,4,3,1,
"Solana Ballesteros",Alcudia,Spain,"Hispania Tarraconensis",1,-999,999,-999,999,,4,3,,
Solmayor,,Spain,"Hispania Tarraconensis",1,-999,999,-999,999,2,,,,
"Sortijón del Cuzna",Pedroches,Spain,"Hispania Baetica",1,-999,999,-999,999,,4,3,1,
"Sotiel Coronada",Huelva,Spain,"Hispania Baetica",1,-999,999,-999,999,,,,1,
"Sta Bárbara",Posadas,Spain,"Hispania Baetica",1,-999,999,-999,999,,4,3,,
Stavelot,Ardennes,Belgium,"Gallia Belgica",1,-999,999,-999,999,2,,,,
Suerte,Sevilla,Spain,"Hispania Baetica",1,-999,999,-999,999,,4,3,,
Sukkari,,Egypt,Aegyptus,1,-999,999,-999,999,2,,,,
Sultana,Huelva,Spain,"Hispania Baetica",1,-999,999,-999,999,,,,1,
"Surducu Mare",Cara?-Severin,Romania,Dacia,1,106,271,106,271,2,4,3,1,
"Susañe del Sil",León,Spain,"Hispania Tarraconensis",1,-999,999,-999,999,2,,,,
Sésamo,Bierzo,Spain,"Hispania Tarraconensis",1,-999,999,-999,999,2,,,,
S?c?râmb,Hunedoara,Romania,Dacia,1,106,271,106,271,2,,,,
"S?lciua de Sus","Alba County",Romania,Dacia,1,106,271,106,271,2,,,,
"Tage 1",Beiras,Portugal,"Hispania Tarraconensis",1,-999,999,-999,999,2,,,,
"Tage 2",Beiras,Portugal,"Hispania Tarraconensis",1,-999,999,-999,999,2,,,,
"Tage 3",Beiras,Portugal,"Hispania Tarraconensis",1,-999,999,-999,999,2,,,,
Tamarindo,,Spain,"Hispania Baetica",1,-999,999,-999,999,,4,3,,
Teleno,Astorga,Spain,"Hispania Tarraconensis",1,-999,999,-999,999,2,,,,
Teliuc,Hunedoara,Romania,Dacia,1,106,271,106,271,2,,,,
Tharsis,Huelva,Portugal,"Hispania Baetica",1,-999,999,-999,999,,4,,1,
"Thasos (mountains)",,Greece,Graecia,1,-999,999,-999,999,,,,1,
Thorikos,Thorikos,Greece,Graecia,1,-999,999,-999,999,,4,3,,
Timna,"Wadi Arabah",Israel,Iudaea,1,-999,999,-999,999,,,,1,
"Tinto Santa Rosa",Huelva,Spain,"Hispania Baetica",1,-999,999,-999,999,,,,1,
"Toral de los Vados",Bierzo,Spain,"Hispania Tarraconensis",1,-999,999,-999,999,2,,,,
"Tou de la Mine",Ariege,France,"Gallia Narbonensis",1,-999,999,-999,999,2,,,,
"Trassierra 1 A",Córdoba,Spain,"Hispania Baetica",1,-999,999,-999,999,,4,3,,
Trestia,Hunedoara,Romania,Dacia,1,106,271,106,271,2,,,,
Trincheiras,Trás-os-montes,Portugal,"Hispania Tarraconensis",1,-999,999,-999,999,2,,,,
Triunfo,Azuaga-Fuenteovejuna,Spain,"Hispania Baetica",1,-999,999,-999,999,,4,3,,
"Triunfo Nueva Estrella",,Spain,"Hispania Baetica",1,-999,999,-999,999,,4,3,,
Troulli,"Troodos Mountians",Cyprus,Cyprus,1,-999,999,-999,999,,,,1,
"Três Minas",Trás-os-montes,Portugal,"Hispania Tarraconensis",1,-999,999,-999,999,2,,,,
"Turienzo Castañedo",Astorga,Spain,"Hispania Tarraconensis",1,-999,999,-999,999,2,,,,
Udías,Udias,Spain,"Hispania Tarraconensis",1,-999,999,-999,999,,,3,,
Valados,Galica,Spain,"Hispania Tarraconensis",1,-999,999,-999,999,2,,,,
Valakonje,"Timacum Minus",Serbia,Dalmatia,1,-999,999,-999,999,,,,1,
Valdeconejos,Trás-os-montes,Spain,"Hispania Tarraconensis",1,-999,999,-999,999,,4,3,,
Valdeinfierno,Alcudia,Spain,"Hispania Tarraconensis",1,-999,999,-999,999,,4,3,,
Valduerna,Astorga,Spain,"Hispania Tarraconensis",1,-999,999,-999,999,2,,,,
"Valea Dosului","Alba County",Romania,Dacia,1,106,271,106,271,2,,,,
"Valle Rabón",León,Spain,"Hispania Tarraconensis",1,-999,999,-999,999,2,,,,
Valquemando,"Montoro Andújar",Spain,"Hispania Baetica",1,-999,999,-999,999,,,,1,
"Vegas del Condado",León,Spain,"Hispania Tarraconensis",1,-999,999,-999,999,2,,,,
"Venta Quemada","Linares-La Carolina",Spain,"Hispania Tarraconensis",1,-999,999,-999,999,,4,3,,
Venus,Azuaga-Fuenteovejuna,Spain,"Hispania Baetica",1,-999,999,-999,999,,4,3,,
Vialas,Vialas,France,"Gallia Narbonensis",1,-999,999,-999,999,,4,3,,
Vicaria,Huelva,Spain,"Hispania Baetica",1,-999,999,-999,999,,,,1,
Victumlae,,"United Kingdom",Brittannia,1,-999,999,-999,999,,,,,
Vidolm,"Alba County",Romania,Dacia,1,106,999,-999,271,2,,,,
Villagutiérrez,Alcudia,Spain,"Hispania Tarraconensis",1,-999,999,-999,999,,4,3,,
"Villar del Monte",Astorga,Spain,"Hispania Tarraconensis",1,-999,999,-999,999,2,,,,
Villarion,León,Spain,"Hispania Tarraconensis",1,-999,999,-999,999,2,,,,
Villefranche-de-Rouergue,Villefranche-de-Rouergue,France,"Gallia Aquitania",1,-999,999,-999,999,,4,3,,
Vitovnica,"Mlava Valley",Serbia,"Moesia Superior",1,-999,999,-999,999,,4,3,,25
"Vuelta Falsa",Huelva,Spain,"Hispania Baetica",1,-999,999,-999,999,,,,1,
"Vulcano (Huelva)",Huelva,Spain,"Hispania Baetica",1,-999,999,-999,999,,,,1,
Vârciorova,Mehedin?i,Romania,Dacia,1,106,271,106,271,2,,,,
V?rad,Cara?-Severin,Romania,Dacia,1,106,271,106,271,2,4,,1,25
"Wadi Amram","Wadi Arabah",Israel,Iudaea,1,-999,999,-999,999,,,,1,
Wirksworth,,"United Kingdom",Brittannia,1,-999,999,-999,999,,4,3,,
Zeleznik,Avala,Serbia,"Moesia Superior",1,-999,999,-999,999,,4,3,,
Zlot,"Timacum Minus",Serbia,Dalmatia,1,-999,999,-999,999,2,4,,1,
?ebea,Hunedoara,Romania,Dacia,1,106,271,106,271,2,,,,
